City,City,Lat,Lng,Max Temp,Humidity,Cloudiness,Wind Speed,Country,Date
0,middelburg,-25.7751,29.4648,75.11,34,67,11.72,ZA,1680362405
1,tuatapere,-46.1333,167.6833,53.38,96,57,10.18,NZ,1680362656
2,bethel,41.3712,-73.414,59.09,89,100,12.66,US,1680362566
3,saint-philippe,-21.3585,55.7679,80.19,86,57,9.91,RE,1680362657
4,codrington,-38.2667,141.9667,51.03,74,14,2.33,AU,1680362657
5,husavik,66.0449,-17.3389,36.72,97,99,2.35,IS,1680362658
6,bambous virieux,-20.3428,57.7575,80.85,74,20,6.91,MU,1680362658
7,port blair,11.6667,92.75,82.44,74,40,4.61,IN,1680362659
8,airai,-8.9266,125.4092,61.38,97,100,1.25,TL,1680362659
9,kommunisticheskiy,61.6789,64.4819,36.28,92,100,10.31,RU,1680362660
10,rikitea,-23.1203,-134.9692,79.5,81,42,14.85,PF,1680362660
11,albany,42.6001,-73.9662,56.89,93,100,10.02,US,1680362588
12,bluff,-46.6,168.3333,55.8,87,25,16.98,NZ,1680362661
13,zhanaozen,43.3,52.8,44.73,82,100,14.36,KZ,1680362662
14,atuona,-9.8,-139.0333,80.35,78,76,14.5,PF,1680362662
15,victoria,22.2855,114.1577,71.94,92,100,10.0,HK,1680362663
16,arraial do cabo,-22.9661,-42.0278,84.16,65,40,9.22,BR,1680362664
17,ushuaia,-54.8,-68.3,46.06,71,0,5.75,AR,1680362664
18,sobolevo,54.4299,31.8996,45.0,93,100,6.4,RU,1680362665
19,ancud,-41.8697,-73.8203,57.4,87,92,7.25,CL,1680362665
20,lavrentiya,65.5833,-171.0,25.52,97,100,3.31,RU,1680362665
21,faya,18.3851,42.4509,68.11,72,88,8.9,SA,1680362666
22,yellowknife,62.456,-114.3525,3.72,60,100,18.41,CA,1680362439
23,carnarvon,-24.8667,113.6333,76.77,73,91,13.4,AU,1680362667
24,phulji,26.8825,67.6807,85.73,26,0,16.82,PK,1680362667
25,mataura,-46.1927,168.8643,55.47,91,66,2.75,NZ,1680362667
26,prince albert,53.2001,-105.7677,13.95,85,75,9.22,CA,1680362668
27,adrian,41.8975,-84.0372,53.15,89,100,13.8,US,1680362668
28,jamestown,42.097,-79.2353,60.94,47,0,17.27,US,1680362669
29,upernavik,72.7868,-56.1549,-18.45,95,56,11.95,GL,1680362669
30,itsukaichi,35.7253,139.2178,54.9,87,75,0.0,JP,1680362669
31,manavalakurichi,8.1333,77.3,81.12,80,16,8.28,IN,1680362670
32,binga,-17.6203,27.3414,80.8,56,27,5.59,ZW,1680362670
33,barrow,71.2906,-156.7887,1.42,100,100,5.75,US,1680362670
34,nova venecia,-18.7106,-40.4006,92.03,40,0,4.79,BR,1680362671
35,qaanaaq,77.484,-69.3632,-9.36,71,6,4.68,GL,1680362671
36,goderich,43.7501,-81.7165,45.91,65,41,12.66,CA,1680362672
37,hobart,-42.8794,147.3294,53.46,79,99,11.5,AU,1680362530
38,taltal,-25.4,-70.4833,72.55,75,14,5.19,CL,1680362672
39,richards bay,-28.783,32.0377,75.65,78,61,5.17,ZA,1680362673
40,santa isabel,-23.3156,-46.2214,83.5,52,0,4.99,BR,1680362673
41,college,64.8569,-147.8028,10.72,73,100,4.61,US,1680362673
42,bathsheba,13.2167,-59.5167,83.01,69,75,18.41,BB,1680362674
43,saskylakh,71.9167,114.0833,11.95,90,100,17.34,RU,1680362674
44,kapaa,22.0752,-159.319,71.92,94,100,6.91,US,1680362674
45,cherskiy,68.75,161.3,-24.59,100,98,3.33,RU,1680362674
46,hermanus,-34.4187,19.2345,73.8,56,0,18.72,ZA,1680362675
47,souillac,-20.5167,57.5167,80.98,74,20,6.91,MU,1680362675
48,klaksvik,62.2266,-6.589,45.52,86,100,23.73,FO,1680362675
49,atar,20.5169,-13.0499,98.92,4,0,19.33,MR,1680362676
50,zhigansk,66.7697,123.3711,-10.68,100,96,6.98,RU,1680362677
51,zabaykalsk,49.6333,117.3167,34.83,45,66,10.89,RU,1680362678
52,dondukovskaya,44.8819,40.3627,51.37,61,7,3.76,RU,1680362679
53,komsomolskiy,40.4272,71.7189,65.12,39,88,4.61,UZ,1680362679
54,nikolskoye,59.7035,30.7861,33.8,97,100,7.56,RU,1680362679
55,vila do maio,15.1333,-23.2167,95.79,75,0,11.32,CV,1680362680
56,coquimbo,-29.9533,-71.3436,62.33,94,100,3.44,CL,1680362473
57,verkhnevilyuysk,63.4453,120.3167,-14.62,100,19,4.27,RU,1680362680
58,iqaluit,63.7506,-68.5145,10.13,79,100,9.22,CA,1680362681
59,charters towers,-20.1,146.2667,74.25,69,32,1.9,AU,1680362681
60,bilma,18.6853,12.9164,88.95,4,78,7.31,NE,1680362681
61,suntar,62.1444,117.6319,-7.2,100,94,2.93,RU,1680362682
62,sola,-13.8833,167.55,82.58,74,42,8.16,VU,1680362682
63,ayagoz,47.9714,80.4392,17.94,62,0,20.04,KZ,1680362683
64,srednekolymsk,67.45,153.6833,-18.94,100,100,3.13,RU,1680362683
65,bredasdorp,-34.5322,20.0403,70.39,61,0,13.2,ZA,1680362683
66,deep river,46.1001,-77.4995,33.94,97,100,4.47,CA,1680362684
67,nelson bay,-32.7167,152.15,62.11,95,36,5.99,AU,1680362684
68,imbituba,-28.24,-48.6703,77.86,53,65,18.5,BR,1680362408
69,pisco,-13.7,-76.2167,76.01,83,0,6.91,PE,1680362685
70,port alfred,-33.5906,26.891,73.18,78,0,4.0,ZA,1680362686
71,butaritari,3.0707,172.7902,81.45,72,100,11.77,KI,1680362686
72,vaini,-21.2,-175.2,77.16,94,20,5.75,TO,1680362687
73,makaha,21.4694,-158.2175,74.05,88,20,0.0,US,1680362687
74,ilo,-17.6394,-71.3375,75.16,78,91,4.68,PE,1680362688
75,saldanha,-33.0117,17.9442,82.45,71,7,14.0,ZA,1680362688
76,cidreira,-30.1811,-50.2056,65.84,66,62,16.64,BR,1680362688
77,rio gallegos,-51.6226,-69.2181,48.25,71,75,20.71,AR,1680362688
78,key west,24.5557,-81.7826,84.2,69,0,11.5,US,1680362578
79,la ronge,55.1001,-105.2842,21.45,79,100,11.5,CA,1680362689
80,tiksi,71.6872,128.8694,-1.01,85,50,19.82,RU,1680362689
81,chuy,-33.6971,-53.4616,70.75,47,36,14.18,UY,1680362690
82,faanui,-16.4833,-151.75,81.9,73,27,5.73,PF,1680362690
83,bengkulu,-3.8004,102.2655,75.54,89,100,4.72,ID,1680362690
84,les cayes,18.2,-73.75,82.33,62,12,8.77,HT,1680362691
85,malakal,9.5334,31.6605,97.45,7,97,5.97,SS,1680362691
86,tura,25.5198,90.2201,64.81,86,15,3.29,IN,1680362692
87,port macquarie,-31.4333,152.9167,62.17,86,35,9.6,AU,1680362477
88,huarmey,-10.0681,-78.1522,78.66,79,72,8.66,PE,1680362692
89,punta arenas,-53.15,-70.9167,48.31,57,75,8.05,CL,1680362693
90,marovoay,-16.1,46.6333,82.2,72,88,3.38,MG,1680362693
91,sterling,39.0062,-77.4286,61.68,88,100,5.99,US,1680362694
92,okakarara,-20.5833,17.4333,81.46,32,69,9.78,NA,1680362694
93,tallahassee,30.4383,-84.2807,77.2,86,100,11.5,US,1680362369
94,rafai,4.95,23.9167,95.2,23,90,1.32,CF,1680362695
95,mujiayingzi,42.1167,118.7833,52.3,49,3,7.2,CN,1680362695
96,waipawa,-41.4122,175.5153,58.73,84,100,14.34,NZ,1680362591
97,longyearbyen,78.2186,15.6401,12.04,67,75,12.66,SJ,1680362533
98,lorengau,-2.0226,147.2712,79.0,80,97,1.41,PG,1680362696
99,busselton,-33.65,115.3333,62.62,78,10,8.7,AU,1680362696
100,te anau,-45.4167,167.7167,51.1,94,16,2.21,NZ,1680362697
101,vila franca do campo,37.7167,-25.4333,66.61,68,100,9.66,PT,1680362697
102,gourdon,44.75,1.5,50.72,75,55,14.65,FR,1680362698
103,rosendal,59.9867,6.0135,44.74,39,8,1.99,NO,1680362698
104,hilo,19.7297,-155.09,70.25,92,0,4.61,US,1680362050
105,longjiang,47.3303,123.1836,61.14,27,100,12.35,CN,1680362699
106,iguala,18.3438,-99.5372,79.65,35,6,1.61,MX,1680362699
107,aklavik,68.2191,-135.0107,-14.8,76,40,3.44,CA,1680362701
108,pacific grove,36.6177,-121.9166,46.89,90,0,4.61,US,1680362549
109,cabo san lucas,22.8909,-109.9124,72.52,69,40,2.3,MX,1680362702
110,anadyr,64.75,177.4833,10.9,84,33,22.37,RU,1680362703
111,praia da vitoria,38.7333,-27.0667,68.25,73,20,18.01,PT,1680362703
112,pingliang,35.5392,106.6861,56.16,64,77,11.68,CN,1680362519
113,cacador,-26.7753,-51.015,75.38,55,30,7.09,BR,1680362704
114,thompson,55.7435,-97.8558,6.96,61,20,8.05,CA,1680362704
115,alofi,-19.0595,-169.9187,76.89,88,17,9.22,NU,1680362705
116,nouakchott,18.0858,-15.9785,103.93,17,0,11.48,MR,1680362705
117,muyezerskiy,63.9333,31.65,28.02,84,94,7.85,RU,1680362705
118,portland,45.5234,-122.6762,42.08,92,100,7.0,US,1680362147
119,georgetown,5.4112,100.3354,85.95,76,20,6.91,MY,1680362706
120,hasaki,35.7333,140.8333,57.22,54,25,10.4,JP,1680362706
121,kruisfontein,-34.0033,24.7314,74.88,38,1,14.47,ZA,1680362707
122,ilulissat,69.2167,-51.1,10.42,61,0,3.44,GL,1680362707
123,alakurtti,66.9672,30.3491,27.48,84,76,10.8,RU,1680362707
124,tuktoyaktuk,69.4541,-133.0374,-14.8,76,20,13.8,CA,1680362709
125,castro,-24.7911,-50.0119,74.73,68,74,5.17,BR,1680362709
126,naze,28.3667,129.4833,65.32,87,69,5.06,JP,1680362710
127,uige,-7.6087,15.0613,75.38,88,84,4.21,AO,1680362710
128,champerico,14.3,-91.9167,86.54,61,15,2.86,GT,1680362710
129,hvide sande,56.0045,8.1294,46.09,49,13,23.06,DK,1680362711
130,sovetsk,55.0839,21.8785,40.24,83,100,11.86,RU,1680362711
131,pahrump,36.2083,-115.9839,44.65,27,0,3.58,US,1680362712
132,avarua,-21.2078,-159.775,73.45,100,75,1.14,CK,1680362712
133,karratha,-20.7377,116.8463,83.48,70,43,7.99,AU,1680362712
134,salekhard,66.53,66.6019,33.84,98,100,15.46,RU,1680362713
135,sao filipe,14.8961,-24.4956,80.1,58,0,14.12,CV,1680362713
136,at-bashi,41.1702,75.8106,32.58,51,5,5.68,KG,1680362714
137,laguna,38.421,-121.4238,48.97,84,76,3.0,US,1680362714
138,port antonio,18.18,-76.4612,86.99,66,10,8.63,JM,1680362714
139,sao jose da coroa grande,-8.8978,-35.1478,87.53,53,48,7.65,BR,1680362715
140,abha,18.2164,42.5053,67.82,68,40,9.22,SA,1680362565
141,tambacounda,13.7539,-13.7586,107.65,19,0,11.5,SN,1680362715
142,hervey bay,-25.2986,152.8535,72.95,53,100,3.02,AU,1680362716
143,vestmannaeyjar,63.4427,-20.2734,41.99,81,75,28.77,IS,1680362716
144,takhatgarh,25.3333,73.0,84.29,23,24,7.0,IN,1680362716
145,qui nhon,13.7667,109.2333,77.07,84,98,7.58,VN,1680362717
146,namtsy,62.7161,129.6658,1.96,81,98,15.23,RU,1680362717
147,bakal,54.9417,58.8083,35.55,93,100,4.07,RU,1680362717
148,gamba,-2.65,10.0,76.12,89,100,3.58,GA,1680362718
149,kaitangata,-46.2817,169.8464,51.04,94,100,3.98,NZ,1680362718
150,saint george,37.1041,-113.5841,46.44,60,0,4.61,US,1680362719
151,ahipara,-35.1667,173.1667,64.18,93,100,2.06,NZ,1680362719
152,lagos,6.5833,3.75,91.72,56,59,10.47,NG,1680362484
153,tasiilaq,65.6145,-37.6368,30.36,78,99,2.59,GL,1680362720
154,cape town,-33.9258,18.4232,72.88,67,0,16.11,ZA,1680362700
155,khatanga,71.9667,102.5,18.27,93,100,21.97,RU,1680362721
156,puerto maldonado,-12.6,-69.1833,81.0,78,75,3.44,PE,1680362721
157,general pico,-35.6566,-63.7568,66.67,28,12,16.71,AR,1680362722
158,tineo,43.3376,-6.4145,47.62,86,92,8.9,ES,1680362723
159,lasa,46.6166,10.7002,56.7,66,100,4.34,IT,1680362725
160,sorland,67.667,12.6934,37.26,54,97,17.16,NO,1680362725
161,garden city,42.3256,-83.331,51.75,84,100,14.97,US,1680362705
162,cap malheureux,-19.9842,57.6142,80.47,70,7,3.0,MU,1680362726
163,puerto ayora,-0.7393,-90.3518,85.96,88,81,5.01,EC,1680362726
164,grindavik,63.8424,-22.4338,42.75,87,75,28.77,IS,1680362727
165,kambove,-10.8764,26.5969,66.07,96,94,4.99,CD,1680362727
166,abapo,-18.8333,-63.4667,81.1,53,28,3.89,BO,1680362728
167,sompeta,18.9333,84.6,80.55,75,97,8.61,IN,1680362728
168,ust-barguzin,53.45,108.9833,9.37,84,48,5.53,RU,1680362728
169,padilla,3.2204,-76.3139,80.17,68,55,3.29,CO,1680362729
170,beringovskiy,63.05,179.3167,16.54,80,90,26.22,RU,1680362730
171,leningradskiy,69.3833,178.4167,7.81,93,100,23.87,RU,1680362730
172,ponta do sol,32.6667,-17.1,77.72,67,0,5.99,PT,1680362730
173,mahebourg,-20.4081,57.7,80.89,74,20,6.91,MU,1680362731
174,dikson,73.5069,80.5464,17.31,89,100,20.89,RU,1680362731
175,ihlow,51.8833,13.3333,55.22,67,75,3.44,DE,1680362731
176,tokur,53.1333,132.9,24.8,97,46,4.7,RU,1680362732
177,arraias,-12.9288,-46.9437,89.89,39,2,2.21,BR,1680362732
178,shizuishan,39.2333,106.7694,60.67,56,99,4.27,CN,1680362732
179,churapcha,62.0025,132.4325,3.13,90,100,11.9,RU,1680362733
180,hobyo,5.3505,48.5268,84.27,73,73,12.88,SO,1680362733
181,soc trang,9.6033,105.98,79.88,73,80,10.18,VN,1680362734
182,geraldton,-28.7667,114.6,70.21,83,40,8.05,AU,1680362734
183,ketchikan,55.3422,-131.6461,36.07,93,75,5.75,US,1680362734
184,itaituba,-4.2761,-55.9836,87.96,70,75,9.22,BR,1680362735
185,pevek,69.7008,170.3133,-5.12,98,100,18.05,RU,1680362735
186,dalmatovo,56.26,62.9362,38.48,66,97,18.77,RU,1680362735
187,chokurdakh,70.6333,147.9167,-25.67,100,87,6.93,RU,1680362736
188,avanigadda,16.0215,80.9181,82.49,75,99,11.9,IN,1680362736
189,new norfolk,-42.7826,147.0587,53.1,71,99,1.01,AU,1680362737
190,mar del plata,-38.0023,-57.5575,66.83,58,75,4.61,AR,1680362737
191,banda aceh,5.5577,95.3222,81.16,75,92,2.68,ID,1680362737
192,kolokani,13.5728,-8.0339,103.44,4,0,11.72,ML,1680362738
193,ribeira grande,38.5167,-28.7,64.8,88,75,11.01,PT,1680362738
194,port augusta,-32.5,137.7667,58.41,43,0,7.34,AU,1680362738
195,luwuk,-0.9516,122.7875,77.05,77,100,3.8,ID,1680362739
196,asekeyevo,53.5742,52.7972,38.75,90,100,5.48,RU,1680362739
197,saint-francois,46.4154,3.9054,51.24,74,100,12.66,FR,1680362561
198,kavieng,-2.5744,150.7967,81.88,77,100,13.85,PG,1680362740
199,berberati,4.2612,15.7922,89.58,39,47,3.74,CF,1680362740
200,porto novo,6.4965,2.6036,87.62,60,80,13.22,BJ,1680362742
201,lisakovsk,52.5369,62.4936,33.6,81,6,9.66,KZ,1680362746
202,rio grande,-32.035,-52.0986,73.51,58,37,17.87,BR,1680362748
203,beloha,-25.1667,45.05,75.02,83,83,11.99,MG,1680362748
204,sangmelima,2.9333,11.9833,77.32,73,63,2.55,CM,1680362748
205,tazovskiy,67.4667,78.7,29.8,96,100,20.33,RU,1680362749
206,yaan,7.3833,8.5667,96.78,29,79,8.01,NG,1680362749
207,honningsvag,70.9821,25.9704,29.95,69,100,26.46,NO,1680362750
208,ostrovnoy,68.0531,39.5131,29.93,77,77,17.13,RU,1680362750
209,baykit,61.67,96.37,1.47,98,93,1.14,RU,1680362750
210,talnakh,69.4865,88.3972,15.21,94,100,16.58,RU,1680362751
211,muros,42.7762,-9.0603,64.69,58,62,10.18,ES,1680362751
212,kahului,20.8947,-156.47,72.84,87,0,5.01,US,1680362726
213,araouane,18.9048,-3.5265,97.7,4,0,9.82,ML,1680362752
214,bandarbeyla,9.4942,50.8122,82.47,68,73,12.1,SO,1680362752
215,kodiak,57.79,-152.4072,33.31,47,0,26.46,US,1680362745
216,bousso,10.4795,16.7117,104.59,16,36,6.51,TD,1680362753
217,wonthaggi,-38.6044,145.5913,54.82,78,28,2.01,AU,1680362754
218,wajima,37.4,136.9,49.48,70,0,18.7,JP,1680362754
219,provideniya,64.3833,-173.3,24.87,96,98,9.89,RU,1680362754
220,henties bay,-22.116,14.2845,65.66,71,5,9.22,NA,1680362755
221,pandan,14.0453,124.1694,81.64,76,100,9.42,PH,1680362756
222,havre-saint-pierre,50.2334,-63.5986,34.16,75,100,10.36,CA,1680362756
223,ransang,8.9603,117.5828,77.09,88,100,2.48,PH,1680362756
224,lebu,-37.6167,-73.65,62.47,63,33,8.77,CL,1680362756
225,ibra,22.6906,58.5334,88.32,16,93,10.25,OM,1680362757
226,alexandria,31.2156,29.9553,64.4,53,0,7.92,EG,1680362757
227,boone,39.0334,-92.3335,43.05,63,100,7.0,US,1680362484
228,anchorage,61.2181,-149.9003,26.67,70,40,9.22,US,1680362621
229,tezu,27.9167,96.1667,65.97,89,100,1.59,IN,1680362758
230,nanortalik,60.1432,-45.2371,27.91,78,87,9.24,GL,1680362758
231,the valley,18.217,-63.0578,81.1,65,40,18.41,AI,1680362759
232,puerto leguizamo,-0.1934,-74.7819,74.79,86,95,2.17,CO,1680362759
233,shelburne,44.0787,-80.2041,52.75,59,0,22.37,CA,1680362760
234,constitucion,-35.3333,-72.4167,69.17,39,96,11.86,CL,1680362760
235,hithadhoo,-0.6,73.0833,83.05,69,69,5.32,MV,1680362472
236,pochutla,15.7432,-96.4661,86.83,47,12,2.62,MX,1680362762
237,kendari,-3.945,122.4989,75.79,96,95,2.35,ID,1680362762
238,vardo,70.3705,31.1107,28.38,93,100,31.07,NO,1680362762
239,mastic beach,40.7668,-72.8521,56.53,96,100,27.0,US,1680362763
240,valparaiso,-33.0393,-71.6273,66.99,64,0,6.91,CL,1680362763
241,hindupur,13.8289,77.4933,85.33,24,51,2.84,IN,1680362764
242,hofn,64.2539,-15.2082,42.12,71,2,9.17,IS,1680362764
243,vao,-22.6667,167.4833,77.81,84,24,10.51,NC,1680362764
244,chara,56.9064,118.2631,5.49,79,83,6.73,RU,1680362765
245,tual,-5.6667,132.75,83.21,73,100,3.18,ID,1680362765
246,lagoa,39.05,-27.9833,60.96,88,100,21.25,PT,1680362766
247,salym,60.0625,71.4789,34.18,72,100,15.12,RU,1680362766
248,aitape,-3.1374,142.3475,78.12,88,84,3.98,PG,1680362767
249,chapais,49.7834,-74.8492,24.58,91,100,7.63,CA,1680362767
250,bairiki,1.3292,172.9752,82.4,78,75,6.91,KI,1680362768
251,lima,-12.0432,-77.0282,77.25,73,40,6.91,PE,1680362583
252,gwanda,-20.9333,29.0,81.88,36,60,11.25,ZW,1680362769
253,labuhan,-6.8844,112.2051,77.68,83,100,8.81,ID,1680362769
254,lata,40.1629,-8.3327,61.07,91,100,4.14,PT,1680362770
255,brigantine,39.4101,-74.3646,62.2,96,100,12.66,US,1680362770
256,lugoba,-6.45,38.3333,79.12,77,98,3.33,TZ,1680362771
257,vitim,59.4511,112.5578,2.03,99,99,2.98,RU,1680362771
258,karpathos,35.507,27.2132,64.36,77,20,16.11,GR,1680362772
259,kiruna,67.8557,20.2251,25.72,54,100,14.97,SE,1680362772
260,ballina,-28.8667,153.5667,60.78,82,10,3.85,AU,1680362773
261,basco,20.4487,121.9702,77.02,83,63,9.35,PH,1680362773
262,hammerfest,70.6634,23.6821,27.05,80,75,19.57,NO,1680362774
263,pudem,58.3044,52.1675,38.52,82,99,12.53,RU,1680362774
264,zarichne,51.8126,26.129,48.78,89,100,6.58,UA,1680362774
265,ambilobe,-13.2,49.05,77.67,90,100,0.51,MG,1680362775
266,kirensk,57.7853,108.1119,-1.97,99,69,2.33,RU,1680362776
267,west wendover,40.7391,-114.0733,36.61,65,0,8.05,US,1680362776
268,ixtapa,20.7,-105.2,69.03,52,75,6.91,MX,1680362777
269,sibu,2.3,111.8167,77.31,94,40,2.3,MY,1680362777
270,derzhavinsk,51.1,66.3167,41.05,42,0,18.48,KZ,1680362777
271,sagua la grande,22.8067,-80.0756,81.59,54,5,12.71,CU,1680362778
272,hovd,48.0056,91.6419,10.8,34,100,14.2,MN,1680362778
273,luderitz,-26.6481,15.1594,67.33,73,4,5.7,NA,1680362779
274,wana,32.2989,69.5725,57.18,77,7,4.29,PK,1680362779
275,conway,35.0887,-92.4421,64.2,34,0,12.66,US,1680362779
276,nuuk,64.1835,-51.7216,25.41,50,40,5.75,GL,1680362657
277,broken hill,-31.95,141.4333,56.23,40,0,9.48,AU,1680362780
278,havoysund,70.9963,24.6622,30.43,69,100,22.39,NO,1680362781
279,leiyang,26.4024,112.8591,70.29,80,0,4.5,CN,1680362781
280,nouadhibou,20.931,-17.0347,98.58,12,0,14.97,MR,1680362782
281,novyy urengoy,66.0833,76.6333,32.45,92,100,23.09,RU,1680362782
282,mehamn,71.0357,27.8492,28.31,80,100,31.07,NO,1680362783
283,aksarka,66.5606,67.7975,34.32,99,100,16.53,RU,1680362783
284,tashtagol,52.7657,87.8894,12.34,80,81,7.99,RU,1680362790
285,vila,42.0304,-8.1588,49.08,92,100,3.33,PT,1680362790
286,armizonskoye,55.9461,67.6736,31.68,74,11,14.47,RU,1680362791
287,gelibolu,40.4103,26.6708,66.06,33,73,24.38,TR,1680362792
288,sur,22.5667,59.5289,81.32,54,11,2.8,OM,1680362792
289,namatanai,-3.6667,152.4333,75.54,91,100,1.68,PG,1680362793
290,esperance,-33.8667,121.9,65.43,77,99,11.25,AU,1680362793
291,la palma,33.8464,-118.0467,60.39,86,0,3.44,US,1680362794
292,raduzhnyy,62.0961,77.475,31.68,90,100,18.7,RU,1680362794
293,humboldt,40.6665,-123.9178,41.86,97,100,5.97,US,1680362794
294,bonavista,48.6499,-53.1147,31.53,87,41,6.02,CA,1680362795
295,chinchani,19.8667,72.7,79.21,68,44,8.48,IN,1680362795
296,general roca,-39.0333,-67.5833,71.62,22,74,8.59,AR,1680362795
297,lafayette,30.2335,-92.0668,79.02,83,100,6.91,US,1680362700
298,bobo dioulasso,11.1771,-4.2979,99.05,12,0,8.05,BF,1680362796
299,kintampo,8.0563,-1.7306,98.51,24,70,6.69,GH,1680362796
300,junin,-34.5838,-60.9433,68.9,37,6,10.13,AR,1680362797
301,san cosme y damian,-27.3167,-56.35,75.38,34,37,8.66,PY,1680362797
302,palmer,42.1584,-72.3287,55.09,93,100,0.0,US,1680362797
303,barkly west,-28.5354,24.5215,83.48,14,15,13.51,ZA,1680362798
304,stornoway,58.2093,-6.3865,48.16,92,75,10.36,GB,1680362798
305,robertson,36.5167,-86.8667,71.58,28,0,34.52,US,1680362596
306,warrnambool,-38.3833,142.4833,47.34,70,52,3.69,AU,1680362799
307,kupang,-10.1667,123.5833,77.77,88,100,6.91,ID,1680362799
308,fortuna,40.5982,-124.1573,50.67,85,100,8.99,US,1680362799
309,murud,18.3258,72.965,78.71,67,15,8.55,IN,1680362799
310,concordia,-31.393,-58.0209,66.27,57,0,11.01,AR,1680362618
311,terney,45.0503,136.6092,33.85,75,1,2.66,RU,1680362800
312,soe,-9.8607,124.284,65.64,94,99,3.76,ID,1680362801
313,mayo,38.8876,-76.5119,64.67,87,100,8.05,US,1680362801
314,salalah,17.0151,54.0924,82.49,78,75,10.36,OM,1680362763
315,tarpon springs,28.1461,-82.7568,83.32,71,40,9.22,US,1680362273
316,shache,38.4167,77.2406,62.71,18,100,5.35,CN,1680362802
317,chifeng,42.2683,118.9636,53.83,46,2,7.0,CN,1680362802
318,washington,47.5001,-120.5015,39.78,71,100,4.34,US,1680362752
319,shingu,33.7333,135.9833,54.36,72,72,6.06,JP,1680362803
320,hamilton,39.1834,-84.5333,63.84,53,40,33.38,US,1680362525
321,mitsamiouli,-11.3847,43.2844,82.94,77,100,10.02,KM,1680362803
322,yulara,-25.2406,130.9889,64.87,68,100,10.29,AU,1680362733
323,pierre,44.3683,-100.351,23.27,81,0,3.44,US,1680362804
324,menongue,-14.6585,17.691,75.2,63,94,5.08,AO,1680362804
325,coutances,49.05,-1.4333,50.32,88,72,16.04,FR,1680362805
326,tateyama,34.9833,139.8667,59.7,78,60,12.62,JP,1680362805
327,kayerkan,69.3497,87.7602,14.52,92,100,21.39,RU,1680362805
328,taksimo,56.3444,114.8794,6.62,78,63,4.34,RU,1680362639
329,finnsnes,69.2296,17.9811,32.76,73,94,6.67,NO,1680362806
330,katsuura,35.1333,140.3,59.83,74,100,11.61,JP,1680362807
331,okhotsk,59.3833,143.3,24.49,97,100,3.04,RU,1680362807
332,severnyy,50.677,36.5532,44.64,81,75,11.18,RU,1680362808
333,aracati,-4.5617,-37.7697,87.96,55,95,5.39,BR,1680362767
334,namie,37.4833,141.0,42.98,90,0,2.21,JP,1680362809
335,saint-pierre,-21.3393,55.4781,80.28,74,0,8.05,RE,1680362809
336,tocopilla,-22.092,-70.1979,75.18,76,33,3.42,CL,1680362810
337,pueblo nuevo,23.3833,-105.3833,68.41,22,95,2.1,MX,1680362810
338,bogorodskoye,56.55,37.8833,37.06,89,100,6.6,RU,1680362810
339,inhambane,-23.865,35.3833,77.67,76,20,8.01,MZ,1680362811
340,laguna de perlas,12.3429,-83.6712,84.29,69,51,14.85,NI,1680362811
341,ilijas,43.9508,18.2708,52.25,57,40,3.44,BA,1680362811
342,miram shah,33.0086,70.0697,60.49,77,44,3.49,PK,1680362812
343,daru,-9.0763,143.2092,79.95,85,54,8.99,PG,1680362812
344,panacan,9.2463,118.4082,78.15,86,100,0.38,PH,1680362812
345,san carlos,9.6612,-68.5827,88.83,46,97,4.03,VE,1680362585
346,fort saint james,54.4333,-124.25,23.68,92,45,2.73,CA,1680362813
347,constantine,36.365,6.6147,71.01,43,0,18.41,DZ,1680362813
348,mayumba,-3.432,10.6554,77.76,85,100,5.61,GA,1680362813
349,kisangani,0.5167,25.2,85.15,52,86,1.63,CD,1680362814
350,marsh harbour,26.5412,-77.0636,76.17,76,41,18.3,BS,1680362815
351,coahuayana,18.7333,-103.6833,82.58,23,50,0.72,MX,1680362815
352,weihai,37.5017,122.1136,51.3,43,0,5.73,CN,1680362816
353,rocha,-34.4833,-54.3333,71.11,41,59,13.89,UY,1680362816
354,cotonou,6.3654,2.4183,87.78,70,40,13.8,BJ,1680362817
355,lompoc,34.6391,-120.4579,51.6,86,0,10.0,US,1680362817
356,curup,-3.4667,102.5333,67.62,98,100,1.05,ID,1680362817
357,mokrous,51.2333,47.5167,49.8,47,100,3.36,RU,1680362818
358,la asuncion,11.0333,-63.8628,69.53,100,22,16.11,VE,1680362704
359,lanxi,29.2195,119.477,60.57,81,0,2.77,CN,1680362819
360,meulaboh,4.1363,96.1285,79.09,80,72,2.44,ID,1680362819
361,lichuan,30.3,108.85,56.52,84,87,9.01,CN,1680362819
362,sitka,57.0531,-135.33,35.49,80,75,6.91,US,1680362820
363,sungairaya,0.7,108.9,78.17,81,100,0.22,ID,1680362820
364,narsaq,60.9167,-46.05,30.42,56,91,2.17,GL,1680362820
365,padang,-0.9492,100.3543,77.05,85,100,3.33,ID,1680362820
366,najran,17.4924,44.1277,84.85,22,76,3.4,SA,1680362821
367,nome,64.5011,-165.4064,24.87,93,100,11.5,US,1680362803
368,caravelas,-17.7125,-39.2481,89.2,49,0,10.38,BR,1680362822
369,seminole,28.7086,-81.2081,83.34,65,0,13.8,US,1680362556
370,hambantota,6.1241,81.1185,77.34,94,40,5.75,LK,1680362823
371,osoyoos,49.0331,-119.4524,43.21,65,100,6.91,CA,1680362823
372,igarka,67.4667,86.5833,22.66,94,100,23.33,RU,1680362823
373,ust-nera,64.5667,143.2,13.1,96,100,4.29,RU,1680362824
374,hazorasp,41.3194,61.0742,66.04,14,97,7.87,UZ,1680362825
375,digoin,46.4812,3.9795,51.89,75,100,12.66,FR,1680362826
376,houma,29.5958,-90.7195,78.01,88,100,5.75,US,1680362539
377,sawtell,-30.3833,153.1,66.22,77,100,10.36,AU,1680362827
378,kokkola,63.8385,23.1307,33.96,59,0,6.91,FI,1680362827
379,wasco,35.5941,-119.341,49.26,87,0,0.0,US,1680362828
380,sechura,-5.5569,-80.8222,82.81,64,90,4.68,PE,1680362829
381,linxia,35.6003,103.2064,54.25,35,94,17.38,CN,1680362829
382,clyde river,70.4692,-68.5914,-7.37,77,0,11.5,CA,1680362829
383,iracoubo,5.4802,-53.2011,81.55,69,43,12.3,GF,1680362830
384,wuda,39.4994,106.7117,58.48,60,100,2.21,CN,1680362830
385,omboue,-1.5746,9.2618,78.94,82,100,6.58,GA,1680362831
386,chiredzi,-21.05,31.6667,79.57,53,59,11.65,ZW,1680362831
387,burnie,-41.0667,145.9167,48.94,92,94,7.83,AU,1680362831
388,jasper,37.2001,-94.3502,46.67,50,0,14.97,US,1680362622
389,zavoaia,44.95,27.4833,54.12,77,100,4.47,RO,1680362832
390,grootfontein,-19.5667,18.1167,81.41,33,82,6.49,NA,1680362832
391,warmbad,-28.45,18.7333,95.07,8,0,5.01,NA,1680362833
392,poum,-20.2333,164.0167,78.4,80,14,6.82,NC,1680362833
393,dalbandin,28.8947,64.4101,80.53,19,1,6.98,PK,1680362834
394,sokoni,-6.4333,39.55,85.86,73,67,15.84,TZ,1680362834
395,falmouth,50.1544,-5.0711,50.9,93,100,19.57,GB,1680362835
396,bardiyah,31.7561,25.0865,71.74,33,0,5.21,LY,1680362835
397,posse,-14.0931,-46.3694,90.32,28,3,0.13,BR,1680362836
398,lucapa,-8.4192,20.7447,75.07,76,50,4.23,AO,1680362836
399,agara,42.0376,43.8238,41.4,62,100,8.14,GE,1680362837
400,balgazyn,51.0,95.2,10.27,89,100,9.98,RU,1680362837
401,hami,42.8,93.45,36.7,26,21,15.05,CN,1680362838
402,usinsk,65.9939,57.5281,33.15,99,100,14.54,RU,1680362839
403,sioux lookout,50.1001,-91.917,21.27,38,20,3.44,CA,1680362839
404,san patricio,28.017,-97.5169,80.47,76,98,5.97,US,1680362840
405,port elizabeth,-33.918,25.5701,77.09,57,0,10.36,ZA,1680362840
406,satoraljaujhely,48.4,21.6667,56.84,68,99,2.62,HU,1680362841
407,torbay,47.6666,-52.7314,41.4,65,40,12.66,CA,1680362841
408,port hardy,50.6996,-127.4199,39.2,100,75,6.91,CA,1680362842
409,edgewater,28.9889,-80.9023,83.16,63,0,13.8,US,1680362843
410,kohlu,29.8962,69.252,67.12,47,98,8.1,PK,1680362648
411,bichena,10.45,38.2,60.44,66,100,7.16,ET,1680362843
412,gwadar,25.1216,62.3254,76.53,82,0,11.05,PK,1680362844
413,rabat,33.9911,-6.8401,76.05,62,9,10.36,MA,1680362713
414,maine-soroa,13.2114,12.0241,96.21,7,49,17.25,NE,1680362844
415,muisne,0.6,-80.0333,81.91,75,98,2.21,EC,1680362845
416,vredendal,-31.6683,18.5012,93.29,12,0,9.42,ZA,1680362845
417,twin falls,42.3505,-114.6445,41.34,49,100,6.91,US,1680362846
418,nicoya,10.1483,-85.452,86.23,49,19,12.97,CR,1680362846
419,muroto,33.2833,134.15,62.24,64,98,9.98,JP,1680362846
420,mizan teferi,6.9833,35.5833,73.87,61,92,1.1,ET,1680362847
421,troitskoye,52.9821,84.6757,15.4,82,16,7.23,RU,1680362847
422,alice springs,-23.7,133.8833,62.15,94,100,3.44,AU,1680362848
423,port pirie,-33.1833,138.0167,58.05,54,0,6.82,AU,1680362848
424,archidona,37.0965,-4.3887,72.16,43,84,12.59,ES,1680362848
425,nalut,30.3333,10.85,83.71,8,0,8.77,LY,1680362849
426,cockburn town,21.4612,-71.1419,80.56,74,20,11.5,TC,1680362849
427,san juan,-31.5375,-68.5364,69.98,31,52,8.77,AR,1680362843
428,eenhana,-17.4667,16.3333,86.11,34,66,4.97,NA,1680362850
429,winnemucca,40.973,-117.7357,39.25,56,40,8.05,US,1680362851
430,vila velha,-20.3297,-40.2925,92.95,62,20,8.05,BR,1680362796
431,dzaoudzi,-12.7887,45.2699,85.89,70,0,11.5,YT,1680362851
432,gweru,-19.45,29.8167,67.26,70,99,6.13,ZW,1680362852
433,cayenne,4.9333,-52.3333,75.24,88,75,3.44,GF,1680362852
434,deputatskiy,69.3,139.9,-25.85,99,87,5.14,RU,1680362853
435,asfi,32.2994,-9.2372,71.73,60,28,26.37,MA,1680362853
436,manado,1.487,124.8455,74.17,100,40,2.3,ID,1680362854
437,camacha,33.0833,-16.3333,65.62,68,20,13.8,PT,1680362854
438,caucaia,-3.7361,-38.6531,84.15,81,75,16.11,BR,1680362774
439,pascagoula,30.3658,-88.5561,79.52,86,100,5.75,US,1680362858
440,roma,43.2128,-75.4557,65.82,67,0,10.36,US,1680362605
441,liuhe,42.2401,125.7172,52.92,28,5,4.18,CN,1680362860
442,taoudenni,22.6783,-3.9836,97.25,4,0,7.72,ML,1680362860
443,talcahuano,-36.7167,-73.1167,65.88,39,0,8.05,CL,1680362860
444,san quintin,30.4833,-115.95,56.17,77,0,6.44,MX,1680362869
445,agadir,30.4202,-9.5982,81.05,41,3,8.7,MA,1680362871
446,mogok,22.9167,96.5,61.63,73,65,2.91,MM,1680362873
447,ndago,-4.6,34.35,68.32,86,80,2.82,TZ,1680362874
448,qaqortoq,60.7167,-46.0333,25.9,74,92,4.52,GL,1680362874
449,pauini,-7.7136,-66.9764,75.9,95,100,1.74,BR,1680362875
450,uri,34.0833,74.0333,50.49,93,95,3.15,IN,1680362875
451,zaragoza,41.6561,-0.8773,67.44,34,75,16.11,ES,1680362576
452,buchanan,5.8808,-10.0467,85.95,66,56,11.05,LR,1680362876
453,dunedin,-45.8742,170.5036,63.81,52,56,8.12,NZ,1680362876
454,maragogi,-9.0122,-35.2225,83.43,65,42,7.4,BR,1680362876
455,chuzhou,32.3219,118.2978,56.52,81,0,5.48,CN,1680362877
456,shirokiy,49.758,129.523,47.1,37,100,16.69,RU,1680362877
457,egvekinot,66.3167,-179.1667,11.82,91,100,10.89,RU,1680362877
458,barra do garcas,-15.89,-52.2567,91.98,55,40,0.0,BR,1680362878
459,kutum,14.2,24.6667,84.0,10,36,12.06,SD,1680362710
460,road town,18.4167,-64.6167,84.29,51,20,17.27,VG,1680362878
461,catuday,16.2923,119.8062,77.83,79,4,7.58,PH,1680362879
462,yanam,16.7333,82.2167,80.8,78,79,5.53,IN,1680362879
463,riverton,40.5219,-111.9391,46.89,57,0,24.0,US,1680362879
464,atotonilco el grande,20.2833,-98.6667,66.02,54,3,3.65,MX,1680362880
465,andros town,24.7,-77.7667,82.36,70,23,18.05,BS,1680362880
466,itarema,-2.9248,-39.9167,83.79,71,89,7.76,BR,1680362880
467,martapura,-3.4167,114.85,77.09,94,20,3.44,ID,1680362881
468,chiang khong,20.2613,100.4046,79.12,32,60,1.19,TH,1680362881
469,tortosa,40.8125,0.5216,73.24,33,2,17.81,ES,1680362882
470,mae sai,20.4335,99.8762,80.24,27,23,2.26,TH,1680362882
471,coihaique,-45.5752,-72.0662,56.01,62,75,10.36,CL,1680362782
472,atherton,53.5237,-2.4935,51.89,70,100,4.0,GB,1680362677
473,buala,-8.145,159.5921,79.61,78,100,1.16,SB,1680362884
474,mount gambier,-37.8333,140.7667,48.04,84,16,1.95,AU,1680362884
475,candido mendes,-1.4467,-45.7167,72.36,99,100,1.32,BR,1680362885
476,emiliano zapata,18.8333,-99.1833,79.66,43,0,0.0,MX,1680362885
477,sidi ali,36.0998,0.4206,64.54,66,100,5.57,DZ,1680362886
478,uruzgan,32.8333,66.0,59.58,42,31,2.93,AF,1680362886
479,namibe,-15.1961,12.1522,79.43,73,75,10.49,AO,1680362887
480,amalapuram,16.5833,82.0167,80.53,80,76,5.68,IN,1680362887
481,berlevag,70.8578,29.0864,28.35,80,100,31.07,NO,1680362888
482,tomatlan,19.9333,-105.25,78.98,28,100,2.51,MX,1680362888
483,sonoma,38.55,-122.9011,45.75,87,75,0.0,US,1680362792
484,olafsvik,64.8945,-23.7142,39.45,82,95,14.67,IS,1680362889
485,norman wells,65.282,-126.8329,8.64,78,100,2.3,CA,1680362890
486,patiya,22.2931,91.9762,74.21,76,64,4.56,BD,1680362890
487,zeya,53.75,127.2667,36.73,87,100,5.61,RU,1680362891
488,acapulco,16.8634,-99.8901,82.22,54,0,5.75,MX,1680362866
489,teknaf,20.8624,92.3058,77.11,79,9,6.91,BD,1680362892
490,awbari,26.5921,12.7805,82.78,8,0,6.35,LY,1680362892
491,natchez,31.5604,-91.4032,80.04,26,0,8.05,US,1680362893
492,la esperanza,14.8667,-91.5667,64.08,74,0,0.0,GT,1680362893
493,vanavara,60.34,102.2797,-7.29,98,60,1.72,RU,1680362893
494,kalmunai,7.4167,81.8167,81.12,78,0,9.37,LK,1680362894
495,jinchang,38.4953,102.1739,47.66,30,100,17.02,CN,1680362895
496,hay river,60.8156,-115.7999,13.98,79,100,10.36,CA,1680362895
497,severo-kurilsk,50.6789,156.125,31.3,81,7,12.93,RU,1680362896
498,bac lieu,9.285,105.7244,80.65,73,68,12.91,VN,1680362877
499,yambio,4.5721,28.3955,90.27,30,92,0.87,SS,1680362896
500,mlonggo,-6.5333,110.7,75.78,90,100,7.47,ID,1680362897
501,redlands,34.0556,-117.1825,60.57,57,0,0.0,US,1680362898
502,mildura,-34.2,142.15,54.21,49,0,9.69,AU,1680362898
503,florencia,43.7667,11.25,65.7,55,9,7.0,IT,1680362899
504,sharjah,25.3573,55.4033,77.29,69,0,11.5,AE,1680362748
505,gazanjyk,39.2446,55.5154,50.5,71,88,16.4,TM,1680362900
506,bereda,43.2686,-7.5406,55.58,69,76,6.76,ES,1680362900
507,angoche,-16.2325,39.9086,79.14,76,88,12.06,MZ,1680362900
508,hoi an,15.8794,108.335,78.76,92,100,6.62,VN,1680362901
509,misratah,32.3754,15.0925,75.4,39,1,9.71,LY,1680362901
510,te kauwhata,-37.4,175.15,61.14,99,100,0.85,NZ,1680362901
511,panzhihua,26.5851,101.7128,69.04,40,98,5.82,CN,1680362902
512,sohna,28.25,77.0667,66.43,47,13,3.24,IN,1680362903
513,arkadak,51.9326,43.4978,49.15,56,96,9.28,RU,1680362903
514,san cristobal,7.7669,-72.225,66.38,54,100,6.76,VE,1680362903
515,vostok,46.4856,135.8833,27.54,81,5,4.99,RU,1680362904
516,sangamner,19.5667,74.2167,81.32,34,88,14.94,IN,1680362904
517,machiques,10.0644,-72.545,87.67,50,97,9.73,VE,1680362905
518,dubrovka,53.6907,33.5071,48.04,84,78,6.93,RU,1680362906
519,morros,-9.4467,-46.3003,87.19,38,99,3.27,BR,1680362907
520,solnechnyy,50.7214,136.6319,29.37,85,11,4.36,RU,1680362908
521,burgeo,47.6167,-57.6152,34.14,78,92,13.31,CA,1680362908
522,east london,-33.0153,27.9116,72.54,78,75,11.5,ZA,1680362909
523,takoradi,4.8845,-1.7554,85.24,66,24,9.69,GH,1680362910
524,kaeo,-35.1,173.7833,65.32,95,100,4.41,NZ,1680362910
525,mamaku,-38.1,176.0833,61.39,100,100,1.83,NZ,1680362910
526,irbil,36.1926,44.0106,51.62,54,40,3.44,IQ,1680362911
527,nova olinda do norte,-3.8881,-59.0942,75.78,96,100,4.68,BR,1680362911
528,bahia blanca,-38.7196,-62.2724,66.81,39,100,8.99,AR,1680362912
529,dingle,10.9995,122.6711,77.47,82,61,5.88,PH,1680362912
530,wamba,8.9333,8.6,100.94,15,90,5.39,NG,1680362912
531,altay,47.8667,88.1167,19.6,50,97,8.21,CN,1680362913
532,matagami,49.7502,-77.6328,19.51,68,0,18.41,CA,1680362913
533,hailey,43.5196,-114.3153,33.8,86,100,13.0,US,1680362914
534,rovenki,48.0833,39.3776,43.12,72,65,5.91,UA,1680362914
535,kenai,60.5544,-151.2583,30.29,56,0,10.36,US,1680362914
536,biak,-0.9131,122.8766,75.9,78,99,3.6,ID,1680362915
537,antu,26.05,81.9167,72.1,63,39,6.29,IN,1680362915
538,chitral,35.8462,71.7858,50.94,89,98,1.7,PK,1680362916
539,srikakulam,18.3,83.9,80.94,79,48,9.64,IN,1680362916
540,cabedelo,-6.9811,-34.8339,88.47,52,98,10.0,BR,1680362727
541,saquena,-4.6667,-73.5167,77.25,82,100,1.05,PE,1680362917
542,grand baie,-20.0182,57.5802,81.07,70,8,3.0,MU,1680362918
543,ludvika,60.1496,15.1878,41.34,82,98,6.35,SE,1680362919
544,bogo,11.0517,124.0055,79.39,84,61,5.35,PH,1680362920
545,grants pass,42.439,-123.3284,44.17,91,100,4.61,US,1680362398
546,waterloo,43.4668,-80.5164,54.64,65,0,19.57,CA,1680362879
547,ayan,56.45,138.1667,25.83,95,97,2.39,RU,1680362924
548,santiago de cao,-7.9589,-79.2392,82.53,69,40,11.5,PE,1680362925
549,sindor,62.8629,51.8905,33.85,99,100,8.9,RU,1680362927
550,dorobantu,44.2167,26.95,60.04,66,98,5.21,RO,1680362927
551,nago,26.5881,127.9761,70.23,83,100,15.99,JP,1680362927
552,guerrero negro,27.9769,-114.0611,58.28,74,2,9.15,MX,1680362928
553,umm kaddadah,13.6017,26.6876,87.13,7,83,16.37,SD,1680362929
554,varzob,38.7737,68.8178,55.13,65,12,5.28,TJ,1680362929
555,kamenka,51.3223,42.7678,48.36,54,57,10.4,RU,1680362930
556,mersing,2.4312,103.8405,76.91,94,20,4.61,MY,1680362930
557,verkhnyaya inta,65.9811,60.3094,35.15,95,100,16.78,RU,1680362931
558,motril,36.7507,-3.5179,81.03,32,80,8.21,ES,1680362931
559,sao miguel do araguaia,-13.275,-50.1628,87.17,60,4,3.27,BR,1680362933
560,carlyle,38.6103,-89.3726,43.56,61,21,17.0,US,1680362933
561,maraa,-1.8333,-65.3667,78.24,92,99,2.59,BR,1680362934
562,sangar,63.9242,127.4739,-5.26,87,95,13.33,RU,1680362934
563,khao wong,16.7001,104.0902,84.04,49,13,2.19,TH,1680362934
564,tran,42.8353,22.6517,51.69,73,56,12.33,BG,1680362935
565,bam,29.106,58.357,77.38,19,2,23.44,IR,1680362935
566,mahibadhoo,3.7833,72.9667,83.26,72,22,6.22,MV,1680362935
567,coffs harbour,-30.3,153.1333,66.16,77,100,10.36,AU,1680362936
